year,scenario,group,variable_id,source_value,normalization_min,normalization_base,normalization_max,direction,weight,confidence,source_url
2026,base,demand,ai_dc_demand_index,113.870,50,100,180,higher_is_capacity,0.45,0.7,https://www.iea.org/reports/energy-and-ai
2026,base,demand,hyperscaler_capex_index,118.000,50,100,180,higher_is_capacity,0.35,0.65,https://www.iea.org/reports/energy-and-ai
2026,base,demand,enterprise_ai_adoption_index,122.130,50,100,180,higher_is_capacity,0.2,0.55,https://www.iea.org/reports/energy-and-ai
2026,base,capacity,grid_connection_index,69.480,50,100,180,higher_is_capacity,0.4,0.7,https://www.iea.org/reports/electricity-2026/grids
2026,base,capacity,transformer_capacity_index,72.000,50,100,180,higher_is_capacity,0.25,0.65,https://www.iea.org/reports/electricity-2026/grids
2026,base,capacity,gpu_hbm_supply_index,74.520,50,100,180,higher_is_capacity,0.2,0.65,https://www.iea.org/reports/electricity-2026/grids
2026,base,capacity,construction_delivery_index,77.040,50,100,180,higher_is_capacity,0.15,0.6,https://www.iea.org/reports/electricity-2026/grids
2026,base,finance,credit_spread_stress_index,99.395,80,100,180,higher_is_constraint,0.45,0.65,https://www.imf.org/en/Publications/WEO
2026,base,finance,free_cash_flow_index,103.000,80,100,180,higher_is_capacity,0.35,0.6,https://www.imf.org/en/Publications/WEO
2026,base,finance,insurance_cost_stress_index,106.605,80,100,180,higher_is_constraint,0.2,0.5,https://www.imf.org/en/Publications/WEO
2026,upside,demand,ai_dc_demand_index,122.980,50,100,180,higher_is_capacity,0.45,0.7,https://www.iea.org/reports/energy-and-ai
2026,upside,demand,hyperscaler_capex_index,127.440,50,100,180,higher_is_capacity,0.35,0.65,https://www.iea.org/reports/energy-and-ai
2026,upside,demand,enterprise_ai_adoption_index,131.900,50,100,180,higher_is_capacity,0.2,0.55,https://www.iea.org/reports/energy-and-ai
2026,upside,capacity,grid_connection_index,84.766,50,100,180,higher_is_capacity,0.4,0.7,https://www.iea.org/reports/electricity-2026/grids
2026,upside,capacity,transformer_capacity_index,87.840,50,100,180,higher_is_capacity,0.25,0.65,https://www.iea.org/reports/electricity-2026/grids
2026,upside,capacity,gpu_hbm_supply_index,90.914,50,100,180,higher_is_capacity,0.2,0.65,https://www.iea.org/reports/electricity-2026/grids
2026,upside,capacity,construction_delivery_index,93.989,50,100,180,higher_is_capacity,0.15,0.6,https://www.iea.org/reports/electricity-2026/grids
2026,upside,finance,credit_spread_stress_index,91.443,80,100,180,higher_is_constraint,0.45,0.65,https://www.imf.org/en/Publications/WEO
2026,upside,finance,free_cash_flow_index,94.760,80,100,180,higher_is_capacity,0.35,0.6,https://www.imf.org/en/Publications/WEO
2026,upside,finance,insurance_cost_stress_index,98.077,80,100,180,higher_is_constraint,0.2,0.5,https://www.imf.org/en/Publications/WEO
2026,downside,demand,ai_dc_demand_index,102.483,50,100,180,higher_is_capacity,0.45,0.7,https://www.iea.org/reports/energy-and-ai
2026,downside,demand,hyperscaler_capex_index,106.200,50,100,180,higher_is_capacity,0.35,0.65,https://www.iea.org/reports/energy-and-ai
2026,downside,demand,enterprise_ai_adoption_index,109.917,50,100,180,higher_is_capacity,0.2,0.55,https://www.iea.org/reports/energy-and-ai
2026,downside,capacity,grid_connection_index,54.194,50,100,180,higher_is_capacity,0.4,0.7,https://www.iea.org/reports/electricity-2026/grids
2026,downside,capacity,transformer_capacity_index,56.160,50,100,180,higher_is_capacity,0.25,0.65,https://www.iea.org/reports/electricity-2026/grids
2026,downside,capacity,gpu_hbm_supply_index,58.126,50,100,180,higher_is_capacity,0.2,0.65,https://www.iea.org/reports/electricity-2026/grids
2026,downside,capacity,construction_delivery_index,60.091,50,100,180,higher_is_capacity,0.15,0.6,https://www.iea.org/reports/electricity-2026/grids
2026,downside,finance,credit_spread_stress_index,117.286,80,100,180,higher_is_constraint,0.45,0.65,https://www.imf.org/en/Publications/WEO
2026,downside,finance,free_cash_flow_index,121.540,80,100,180,higher_is_capacity,0.35,0.6,https://www.imf.org/en/Publications/WEO
2026,downside,finance,insurance_cost_stress_index,125.794,80,100,180,higher_is_constraint,0.2,0.5,https://www.imf.org/en/Publications/WEO
2026,current,demand,ai_dc_demand_index,136.644,50,100,180,higher_is_capacity,0.45,0.7,https://www.iea.org/reports/energy-and-ai
2026,current,demand,hyperscaler_capex_index,141.600,50,100,180,higher_is_capacity,0.35,0.65,https://www.iea.org/reports/energy-and-ai
2026,current,demand,enterprise_ai_adoption_index,146.556,50,100,180,higher_is_capacity,0.2,0.55,https://www.iea.org/reports/energy-and-ai
2026,current,capacity,grid_connection_index,72.954,50,100,180,higher_is_capacity,0.4,0.7,https://www.iea.org/reports/electricity-2026/grids
2026,current,capacity,transformer_capacity_index,75.600,50,100,180,higher_is_capacity,0.25,0.65,https://www.iea.org/reports/electricity-2026/grids
2026,current,capacity,gpu_hbm_supply_index,78.246,50,100,180,higher_is_capacity,0.2,0.65,https://www.iea.org/reports/electricity-2026/grids
2026,current,capacity,construction_delivery_index,80.892,50,100,180,higher_is_capacity,0.15,0.6,https://www.iea.org/reports/electricity-2026/grids
2026,current,finance,credit_spread_stress_index,103.371,80,100,180,higher_is_constraint,0.45,0.65,https://www.imf.org/en/Publications/WEO
2026,current,finance,free_cash_flow_index,107.120,80,100,180,higher_is_capacity,0.35,0.6,https://www.imf.org/en/Publications/WEO
2026,current,finance,insurance_cost_stress_index,110.869,80,100,180,higher_is_constraint,0.2,0.5,https://www.imf.org/en/Publications/WEO
2027,base,demand,ai_dc_demand_index,119.660,50,100,180,higher_is_capacity,0.45,0.7,https://www.iea.org/reports/energy-and-ai
2027,base,demand,hyperscaler_capex_index,124.000,50,100,180,higher_is_capacity,0.35,0.65,https://www.iea.org/reports/energy-and-ai
2027,base,demand,enterprise_ai_adoption_index,128.340,50,100,180,higher_is_capacity,0.2,0.55,https://www.iea.org/reports/energy-and-ai
2027,base,capacity,grid_connection_index,73.340,50,100,180,higher_is_capacity,0.4,0.7,https://www.iea.org/reports/electricity-2026/grids
2027,base,capacity,transformer_capacity_index,76.000,50,100,180,higher_is_capacity,0.25,0.65,https://www.iea.org/reports/electricity-2026/grids
2027,base,capacity,gpu_hbm_supply_index,78.660,50,100,180,higher_is_capacity,0.2,0.65,https://www.iea.org/reports/electricity-2026/grids
2027,base,capacity,construction_delivery_index,81.320,50,100,180,higher_is_capacity,0.15,0.6,https://www.iea.org/reports/electricity-2026/grids
2027,base,finance,credit_spread_stress_index,101.325,80,100,180,higher_is_constraint,0.45,0.65,https://www.imf.org/en/Publications/WEO
2027,base,finance,free_cash_flow_index,105.000,80,100,180,higher_is_capacity,0.35,0.6,https://www.imf.org/en/Publications/WEO
2027,base,finance,insurance_cost_stress_index,108.675,80,100,180,higher_is_constraint,0.2,0.5,https://www.imf.org/en/Publications/WEO
2027,upside,demand,ai_dc_demand_index,129.233,50,100,180,higher_is_capacity,0.45,0.7,https://www.iea.org/reports/energy-and-ai
2027,upside,demand,hyperscaler_capex_index,133.920,50,100,180,higher_is_capacity,0.35,0.65,https://www.iea.org/reports/energy-and-ai
2027,upside,demand,enterprise_ai_adoption_index,138.607,50,100,180,higher_is_capacity,0.2,0.55,https://www.iea.org/reports/energy-and-ai
2027,upside,capacity,grid_connection_index,89.475,50,100,180,higher_is_capacity,0.4,0.7,https://www.iea.org/reports/electricity-2026/grids
2027,upside,capacity,transformer_capacity_index,92.720,50,100,180,higher_is_capacity,0.25,0.65,https://www.iea.org/reports/electricity-2026/grids
2027,upside,capacity,gpu_hbm_supply_index,95.965,50,100,180,higher_is_capacity,0.2,0.65,https://www.iea.org/reports/electricity-2026/grids
2027,upside,capacity,construction_delivery_index,99.210,50,100,180,higher_is_capacity,0.15,0.6,https://www.iea.org/reports/electricity-2026/grids
2027,upside,finance,credit_spread_stress_index,93.219,80,100,180,higher_is_constraint,0.45,0.65,https://www.imf.org/en/Publications/WEO
2027,upside,finance,free_cash_flow_index,96.600,80,100,180,higher_is_capacity,0.35,0.6,https://www.imf.org/en/Publications/WEO
2027,upside,finance,insurance_cost_stress_index,99.981,80,100,180,higher_is_constraint,0.2,0.5,https://www.imf.org/en/Publications/WEO
2027,downside,demand,ai_dc_demand_index,107.694,50,100,180,higher_is_capacity,0.45,0.7,https://www.iea.org/reports/energy-and-ai
2027,downside,demand,hyperscaler_capex_index,111.600,50,100,180,higher_is_capacity,0.35,0.65,https://www.iea.org/reports/energy-and-ai
2027,downside,demand,enterprise_ai_adoption_index,115.506,50,100,180,higher_is_capacity,0.2,0.55,https://www.iea.org/reports/energy-and-ai
2027,downside,capacity,grid_connection_index,57.205,50,100,180,higher_is_capacity,0.4,0.7,https://www.iea.org/reports/electricity-2026/grids
2027,downside,capacity,transformer_capacity_index,59.280,50,100,180,higher_is_capacity,0.25,0.65,https://www.iea.org/reports/electricity-2026/grids
2027,downside,capacity,gpu_hbm_supply_index,61.355,50,100,180,higher_is_capacity,0.2,0.65,https://www.iea.org/reports/electricity-2026/grids
2027,downside,capacity,construction_delivery_index,63.430,50,100,180,higher_is_capacity,0.15,0.6,https://www.iea.org/reports/electricity-2026/grids
2027,downside,finance,credit_spread_stress_index,119.563,80,100,180,higher_is_constraint,0.45,0.65,https://www.imf.org/en/Publications/WEO
2027,downside,finance,free_cash_flow_index,123.900,80,100,180,higher_is_capacity,0.35,0.6,https://www.imf.org/en/Publications/WEO
2027,downside,finance,insurance_cost_stress_index,128.236,80,100,180,higher_is_constraint,0.2,0.5,https://www.imf.org/en/Publications/WEO
2027,current,demand,ai_dc_demand_index,143.592,50,100,180,higher_is_capacity,0.45,0.7,https://www.iea.org/reports/energy-and-ai
2027,current,demand,hyperscaler_capex_index,148.800,50,100,180,higher_is_capacity,0.35,0.65,https://www.iea.org/reports/energy-and-ai
2027,current,demand,enterprise_ai_adoption_index,154.008,50,100,180,higher_is_capacity,0.2,0.55,https://www.iea.org/reports/energy-and-ai
2027,current,capacity,grid_connection_index,77.007,50,100,180,higher_is_capacity,0.4,0.7,https://www.iea.org/reports/electricity-2026/grids
2027,current,capacity,transformer_capacity_index,79.800,50,100,180,higher_is_capacity,0.25,0.65,https://www.iea.org/reports/electricity-2026/grids
2027,current,capacity,gpu_hbm_supply_index,82.593,50,100,180,higher_is_capacity,0.2,0.65,https://www.iea.org/reports/electricity-2026/grids
2027,current,capacity,construction_delivery_index,85.386,50,100,180,higher_is_capacity,0.15,0.6,https://www.iea.org/reports/electricity-2026/grids
2027,current,finance,credit_spread_stress_index,105.378,80,100,180,higher_is_constraint,0.45,0.65,https://www.imf.org/en/Publications/WEO
2027,current,finance,free_cash_flow_index,109.200,80,100,180,higher_is_capacity,0.35,0.6,https://www.imf.org/en/Publications/WEO
2027,current,finance,insurance_cost_stress_index,113.022,80,100,180,higher_is_constraint,0.2,0.5,https://www.imf.org/en/Publications/WEO
2028,base,demand,ai_dc_demand_index,126.415,50,100,180,higher_is_capacity,0.45,0.7,https://www.iea.org/reports/energy-and-ai
2028,base,demand,hyperscaler_capex_index,131.000,50,100,180,higher_is_capacity,0.35,0.65,https://www.iea.org/reports/energy-and-ai
2028,base,demand,enterprise_ai_adoption_index,135.585,50,100,180,higher_is_capacity,0.2,0.55,https://www.iea.org/reports/energy-and-ai
2028,base,capacity,grid_connection_index,78.165,50,100,180,higher_is_capacity,0.4,0.7,https://www.iea.org/reports/electricity-2026/grids
2028,base,capacity,transformer_capacity_index,81.000,50,100,180,higher_is_capacity,0.25,0.65,https://www.iea.org/reports/electricity-2026/grids
2028,base,capacity,gpu_hbm_supply_index,83.835,50,100,180,higher_is_capacity,0.2,0.65,https://www.iea.org/reports/electricity-2026/grids
2028,base,capacity,construction_delivery_index,86.670,50,100,180,higher_is_capacity,0.15,0.6,https://www.iea.org/reports/electricity-2026/grids
2028,base,finance,credit_spread_stress_index,103.255,80,100,180,higher_is_constraint,0.45,0.65,https://www.imf.org/en/Publications/WEO
2028,base,finance,free_cash_flow_index,107.000,80,100,180,higher_is_capacity,0.35,0.6,https://www.imf.org/en/Publications/WEO
2028,base,finance,insurance_cost_stress_index,110.745,80,100,180,higher_is_constraint,0.2,0.5,https://www.imf.org/en/Publications/WEO
2028,upside,demand,ai_dc_demand_index,136.528,50,100,180,higher_is_capacity,0.45,0.7,https://www.iea.org/reports/energy-and-ai
2028,upside,demand,hyperscaler_capex_index,141.480,50,100,180,higher_is_capacity,0.35,0.65,https://www.iea.org/reports/energy-and-ai
2028,upside,demand,enterprise_ai_adoption_index,146.432,50,100,180,higher_is_capacity,0.2,0.55,https://www.iea.org/reports/energy-and-ai
2028,upside,capacity,grid_connection_index,95.361,50,100,180,higher_is_capacity,0.4,0.7,https://www.iea.org/reports/electricity-2026/grids
2028,upside,capacity,transformer_capacity_index,98.820,50,100,180,higher_is_capacity,0.25,0.65,https://www.iea.org/reports/electricity-2026/grids
2028,upside,capacity,gpu_hbm_supply_index,102.279,50,100,180,higher_is_capacity,0.2,0.65,https://www.iea.org/reports/electricity-2026/grids
2028,upside,capacity,construction_delivery_index,105.737,50,100,180,higher_is_capacity,0.15,0.6,https://www.iea.org/reports/electricity-2026/grids
2028,upside,finance,credit_spread_stress_index,94.995,80,100,180,higher_is_constraint,0.45,0.65,https://www.imf.org/en/Publications/WEO
2028,upside,finance,free_cash_flow_index,98.440,80,100,180,higher_is_capacity,0.35,0.6,https://www.imf.org/en/Publications/WEO
2028,upside,finance,insurance_cost_stress_index,101.885,80,100,180,higher_is_constraint,0.2,0.5,https://www.imf.org/en/Publications/WEO
2028,downside,demand,ai_dc_demand_index,113.773,50,100,180,higher_is_capacity,0.45,0.7,https://www.iea.org/reports/energy-and-ai
2028,downside,demand,hyperscaler_capex_index,117.900,50,100,180,higher_is_capacity,0.35,0.65,https://www.iea.org/reports/energy-and-ai
2028,downside,demand,enterprise_ai_adoption_index,122.026,50,100,180,higher_is_capacity,0.2,0.55,https://www.iea.org/reports/energy-and-ai
2028,downside,capacity,grid_connection_index,60.969,50,100,180,higher_is_capacity,0.4,0.7,https://www.iea.org/reports/electricity-2026/grids
2028,downside,capacity,transformer_capacity_index,63.180,50,100,180,higher_is_capacity,0.25,0.65,https://www.iea.org/reports/electricity-2026/grids
2028,downside,capacity,gpu_hbm_supply_index,65.391,50,100,180,higher_is_capacity,0.2,0.65,https://www.iea.org/reports/electricity-2026/grids
2028,downside,capacity,construction_delivery_index,67.603,50,100,180,higher_is_capacity,0.15,0.6,https://www.iea.org/reports/electricity-2026/grids
2028,downside,finance,credit_spread_stress_index,121.841,80,100,180,higher_is_constraint,0.45,0.65,https://www.imf.org/en/Publications/WEO
2028,downside,finance,free_cash_flow_index,126.260,80,100,180,higher_is_capacity,0.35,0.6,https://www.imf.org/en/Publications/WEO
2028,downside,finance,insurance_cost_stress_index,130.679,80,100,180,higher_is_constraint,0.2,0.5,https://www.imf.org/en/Publications/WEO
2028,current,demand,ai_dc_demand_index,151.698,50,100,180,higher_is_capacity,0.45,0.7,https://www.iea.org/reports/energy-and-ai
2028,current,demand,hyperscaler_capex_index,157.200,50,100,180,higher_is_capacity,0.35,0.65,https://www.iea.org/reports/energy-and-ai
2028,current,demand,enterprise_ai_adoption_index,162.702,50,100,180,higher_is_capacity,0.2,0.55,https://www.iea.org/reports/energy-and-ai
2028,current,capacity,grid_connection_index,82.073,50,100,180,higher_is_capacity,0.4,0.7,https://www.iea.org/reports/electricity-2026/grids
2028,current,capacity,transformer_capacity_index,85.050,50,100,180,higher_is_capacity,0.25,0.65,https://www.iea.org/reports/electricity-2026/grids
2028,current,capacity,gpu_hbm_supply_index,88.027,50,100,180,higher_is_capacity,0.2,0.65,https://www.iea.org/reports/electricity-2026/grids
2028,current,capacity,construction_delivery_index,91.004,50,100,180,higher_is_capacity,0.15,0.6,https://www.iea.org/reports/electricity-2026/grids
2028,current,finance,credit_spread_stress_index,107.385,80,100,180,higher_is_constraint,0.45,0.65,https://www.imf.org/en/Publications/WEO
2028,current,finance,free_cash_flow_index,111.280,80,100,180,higher_is_capacity,0.35,0.6,https://www.imf.org/en/Publications/WEO
2028,current,finance,insurance_cost_stress_index,115.175,80,100,180,higher_is_constraint,0.2,0.5,https://www.imf.org/en/Publications/WEO
2029,base,demand,ai_dc_demand_index,133.170,50,100,180,higher_is_capacity,0.45,0.7,https://www.iea.org/reports/energy-and-ai
2029,base,demand,hyperscaler_capex_index,138.000,50,100,180,higher_is_capacity,0.35,0.65,https://www.iea.org/reports/energy-and-ai
2029,base,demand,enterprise_ai_adoption_index,142.830,50,100,180,higher_is_capacity,0.2,0.55,https://www.iea.org/reports/energy-and-ai
2029,base,capacity,grid_connection_index,82.990,50,100,180,higher_is_capacity,0.4,0.7,https://www.iea.org/reports/electricity-2026/grids
2029,base,capacity,transformer_capacity_index,86.000,50,100,180,higher_is_capacity,0.25,0.65,https://www.iea.org/reports/electricity-2026/grids
2029,base,capacity,gpu_hbm_supply_index,89.010,50,100,180,higher_is_capacity,0.2,0.65,https://www.iea.org/reports/electricity-2026/grids
2029,base,capacity,construction_delivery_index,92.020,50,100,180,higher_is_capacity,0.15,0.6,https://www.iea.org/reports/electricity-2026/grids
2029,base,finance,credit_spread_stress_index,104.220,80,100,180,higher_is_constraint,0.45,0.65,https://www.imf.org/en/Publications/WEO
2029,base,finance,free_cash_flow_index,108.000,80,100,180,higher_is_capacity,0.35,0.6,https://www.imf.org/en/Publications/WEO
2029,base,finance,insurance_cost_stress_index,111.780,80,100,180,higher_is_constraint,0.2,0.5,https://www.imf.org/en/Publications/WEO
2029,upside,demand,ai_dc_demand_index,143.824,50,100,180,higher_is_capacity,0.45,0.7,https://www.iea.org/reports/energy-and-ai
2029,upside,demand,hyperscaler_capex_index,149.040,50,100,180,higher_is_capacity,0.35,0.65,https://www.iea.org/reports/energy-and-ai
2029,upside,demand,enterprise_ai_adoption_index,154.256,50,100,180,higher_is_capacity,0.2,0.55,https://www.iea.org/reports/energy-and-ai
2029,upside,capacity,grid_connection_index,101.248,50,100,180,higher_is_capacity,0.4,0.7,https://www.iea.org/reports/electricity-2026/grids
2029,upside,capacity,transformer_capacity_index,104.920,50,100,180,higher_is_capacity,0.25,0.65,https://www.iea.org/reports/electricity-2026/grids
2029,upside,capacity,gpu_hbm_supply_index,108.592,50,100,180,higher_is_capacity,0.2,0.65,https://www.iea.org/reports/electricity-2026/grids
2029,upside,capacity,construction_delivery_index,112.264,50,100,180,higher_is_capacity,0.15,0.6,https://www.iea.org/reports/electricity-2026/grids
2029,upside,finance,credit_spread_stress_index,95.882,80,100,180,higher_is_constraint,0.45,0.65,https://www.imf.org/en/Publications/WEO
2029,upside,finance,free_cash_flow_index,99.360,80,100,180,higher_is_capacity,0.35,0.6,https://www.imf.org/en/Publications/WEO
2029,upside,finance,insurance_cost_stress_index,102.838,80,100,180,higher_is_constraint,0.2,0.5,https://www.imf.org/en/Publications/WEO
2029,downside,demand,ai_dc_demand_index,119.853,50,100,180,higher_is_capacity,0.45,0.7,https://www.iea.org/reports/energy-and-ai
2029,downside,demand,hyperscaler_capex_index,124.200,50,100,180,higher_is_capacity,0.35,0.65,https://www.iea.org/reports/energy-and-ai
2029,downside,demand,enterprise_ai_adoption_index,128.547,50,100,180,higher_is_capacity,0.2,0.55,https://www.iea.org/reports/energy-and-ai
2029,downside,capacity,grid_connection_index,64.732,50,100,180,higher_is_capacity,0.4,0.7,https://www.iea.org/reports/electricity-2026/grids
2029,downside,capacity,transformer_capacity_index,67.080,50,100,180,higher_is_capacity,0.25,0.65,https://www.iea.org/reports/electricity-2026/grids
2029,downside,capacity,gpu_hbm_supply_index,69.428,50,100,180,higher_is_capacity,0.2,0.65,https://www.iea.org/reports/electricity-2026/grids
2029,downside,capacity,construction_delivery_index,71.776,50,100,180,higher_is_capacity,0.15,0.6,https://www.iea.org/reports/electricity-2026/grids
2029,downside,finance,credit_spread_stress_index,122.980,80,100,180,higher_is_constraint,0.45,0.65,https://www.imf.org/en/Publications/WEO
2029,downside,finance,free_cash_flow_index,127.440,80,100,180,higher_is_capacity,0.35,0.6,https://www.imf.org/en/Publications/WEO
2029,downside,finance,insurance_cost_stress_index,131.900,80,100,180,higher_is_constraint,0.2,0.5,https://www.imf.org/en/Publications/WEO
2029,current,demand,ai_dc_demand_index,159.804,50,100,180,higher_is_capacity,0.45,0.7,https://www.iea.org/reports/energy-and-ai
2029,current,demand,hyperscaler_capex_index,165.600,50,100,180,higher_is_capacity,0.35,0.65,https://www.iea.org/reports/energy-and-ai
2029,current,demand,enterprise_ai_adoption_index,171.396,50,100,180,higher_is_capacity,0.2,0.55,https://www.iea.org/reports/energy-and-ai
2029,current,capacity,grid_connection_index,87.139,50,100,180,higher_is_capacity,0.4,0.7,https://www.iea.org/reports/electricity-2026/grids
2029,current,capacity,transformer_capacity_index,90.300,50,100,180,higher_is_capacity,0.25,0.65,https://www.iea.org/reports/electricity-2026/grids
2029,current,capacity,gpu_hbm_supply_index,93.460,50,100,180,higher_is_capacity,0.2,0.65,https://www.iea.org/reports/electricity-2026/grids
2029,current,capacity,construction_delivery_index,96.621,50,100,180,higher_is_capacity,0.15,0.6,https://www.iea.org/reports/electricity-2026/grids
2029,current,finance,credit_spread_stress_index,108.389,80,100,180,higher_is_constraint,0.45,0.65,https://www.imf.org/en/Publications/WEO
2029,current,finance,free_cash_flow_index,112.320,80,100,180,higher_is_capacity,0.35,0.6,https://www.imf.org/en/Publications/WEO
2029,current,finance,insurance_cost_stress_index,116.251,80,100,180,higher_is_constraint,0.2,0.5,https://www.imf.org/en/Publications/WEO
2030,base,demand,ai_dc_demand_index,139.925,50,100,180,higher_is_capacity,0.45,0.7,https://www.iea.org/reports/energy-and-ai
2030,base,demand,hyperscaler_capex_index,145.000,50,100,180,higher_is_capacity,0.35,0.65,https://www.iea.org/reports/energy-and-ai
2030,base,demand,enterprise_ai_adoption_index,150.075,50,100,180,higher_is_capacity,0.2,0.55,https://www.iea.org/reports/energy-and-ai
2030,base,capacity,grid_connection_index,87.815,50,100,180,higher_is_capacity,0.4,0.7,https://www.iea.org/reports/electricity-2026/grids
2030,base,capacity,transformer_capacity_index,91.000,50,100,180,higher_is_capacity,0.25,0.65,https://www.iea.org/reports/electricity-2026/grids
2030,base,capacity,gpu_hbm_supply_index,94.185,50,100,180,higher_is_capacity,0.2,0.65,https://www.iea.org/reports/electricity-2026/grids
2030,base,capacity,construction_delivery_index,97.370,50,100,180,higher_is_capacity,0.15,0.6,https://www.iea.org/reports/electricity-2026/grids
2030,base,finance,credit_spread_stress_index,106.150,80,100,180,higher_is_constraint,0.45,0.65,https://www.imf.org/en/Publications/WEO
2030,base,finance,free_cash_flow_index,110.000,80,100,180,higher_is_capacity,0.35,0.6,https://www.imf.org/en/Publications/WEO
2030,base,finance,insurance_cost_stress_index,113.850,80,100,180,higher_is_constraint,0.2,0.5,https://www.imf.org/en/Publications/WEO
2030,upside,demand,ai_dc_demand_index,151.119,50,100,180,higher_is_capacity,0.45,0.7,https://www.iea.org/reports/energy-and-ai
2030,upside,demand,hyperscaler_capex_index,156.600,50,100,180,higher_is_capacity,0.35,0.65,https://www.iea.org/reports/energy-and-ai
2030,upside,demand,enterprise_ai_adoption_index,162.081,50,100,180,higher_is_capacity,0.2,0.55,https://www.iea.org/reports/energy-and-ai
2030,upside,capacity,grid_connection_index,107.134,50,100,180,higher_is_capacity,0.4,0.7,https://www.iea.org/reports/electricity-2026/grids
2030,upside,capacity,transformer_capacity_index,111.020,50,100,180,higher_is_capacity,0.25,0.65,https://www.iea.org/reports/electricity-2026/grids
2030,upside,capacity,gpu_hbm_supply_index,114.906,50,100,180,higher_is_capacity,0.2,0.65,https://www.iea.org/reports/electricity-2026/grids
2030,upside,capacity,construction_delivery_index,118.791,50,100,180,higher_is_capacity,0.15,0.6,https://www.iea.org/reports/electricity-2026/grids
2030,upside,finance,credit_spread_stress_index,97.658,80,100,180,higher_is_constraint,0.45,0.65,https://www.imf.org/en/Publications/WEO
2030,upside,finance,free_cash_flow_index,101.200,80,100,180,higher_is_capacity,0.35,0.6,https://www.imf.org/en/Publications/WEO
2030,upside,finance,insurance_cost_stress_index,104.742,80,100,180,higher_is_constraint,0.2,0.5,https://www.imf.org/en/Publications/WEO
2030,downside,demand,ai_dc_demand_index,125.932,50,100,180,higher_is_capacity,0.45,0.7,https://www.iea.org/reports/energy-and-ai
2030,downside,demand,hyperscaler_capex_index,130.500,50,100,180,higher_is_capacity,0.35,0.65,https://www.iea.org/reports/energy-and-ai
2030,downside,demand,enterprise_ai_adoption_index,135.067,50,100,180,higher_is_capacity,0.2,0.55,https://www.iea.org/reports/energy-and-ai
2030,downside,capacity,grid_connection_index,68.496,50,100,180,higher_is_capacity,0.4,0.7,https://www.iea.org/reports/electricity-2026/grids
2030,downside,capacity,transformer_capacity_index,70.980,50,100,180,higher_is_capacity,0.25,0.65,https://www.iea.org/reports/electricity-2026/grids
2030,downside,capacity,gpu_hbm_supply_index,73.464,50,100,180,higher_is_capacity,0.2,0.65,https://www.iea.org/reports/electricity-2026/grids
2030,downside,capacity,construction_delivery_index,75.949,50,100,180,higher_is_capacity,0.15,0.6,https://www.iea.org/reports/electricity-2026/grids
2030,downside,finance,credit_spread_stress_index,125.257,80,100,180,higher_is_constraint,0.45,0.65,https://www.imf.org/en/Publications/WEO
2030,downside,finance,free_cash_flow_index,129.800,80,100,180,higher_is_capacity,0.35,0.6,https://www.imf.org/en/Publications/WEO
2030,downside,finance,insurance_cost_stress_index,134.343,80,100,180,higher_is_constraint,0.2,0.5,https://www.imf.org/en/Publications/WEO
2030,current,demand,ai_dc_demand_index,167.910,50,100,180,higher_is_capacity,0.45,0.7,https://www.iea.org/reports/energy-and-ai
2030,current,demand,hyperscaler_capex_index,174.000,50,100,180,higher_is_capacity,0.35,0.65,https://www.iea.org/reports/energy-and-ai
2030,current,demand,enterprise_ai_adoption_index,180.090,50,100,180,higher_is_capacity,0.2,0.55,https://www.iea.org/reports/energy-and-ai
2030,current,capacity,grid_connection_index,92.206,50,100,180,higher_is_capacity,0.4,0.7,https://www.iea.org/reports/electricity-2026/grids
2030,current,capacity,transformer_capacity_index,95.550,50,100,180,higher_is_capacity,0.25,0.65,https://www.iea.org/reports/electricity-2026/grids
2030,current,capacity,gpu_hbm_supply_index,98.894,50,100,180,higher_is_capacity,0.2,0.65,https://www.iea.org/reports/electricity-2026/grids
2030,current,capacity,construction_delivery_index,102.239,50,100,180,higher_is_capacity,0.15,0.6,https://www.iea.org/reports/electricity-2026/grids
2030,current,finance,credit_spread_stress_index,110.396,80,100,180,higher_is_constraint,0.45,0.65,https://www.imf.org/en/Publications/WEO
2030,current,finance,free_cash_flow_index,114.400,80,100,180,higher_is_capacity,0.35,0.6,https://www.imf.org/en/Publications/WEO
2030,current,finance,insurance_cost_stress_index,118.404,80,100,180,higher_is_constraint,0.2,0.5,https://www.imf.org/en/Publications/WEO
2031,base,demand,ai_dc_demand_index,146.680,50,100,180,higher_is_capacity,0.45,0.7,https://www.iea.org/reports/energy-and-ai
2031,base,demand,hyperscaler_capex_index,152.000,50,100,180,higher_is_capacity,0.35,0.65,https://www.iea.org/reports/energy-and-ai
2031,base,demand,enterprise_ai_adoption_index,157.320,50,100,180,higher_is_capacity,0.2,0.55,https://www.iea.org/reports/energy-and-ai
2031,base,capacity,grid_connection_index,92.640,50,100,180,higher_is_capacity,0.4,0.7,https://www.iea.org/reports/electricity-2026/grids
2031,base,capacity,transformer_capacity_index,96.000,50,100,180,higher_is_capacity,0.25,0.65,https://www.iea.org/reports/electricity-2026/grids
2031,base,capacity,gpu_hbm_supply_index,99.360,50,100,180,higher_is_capacity,0.2,0.65,https://www.iea.org/reports/electricity-2026/grids
2031,base,capacity,construction_delivery_index,102.720,50,100,180,higher_is_capacity,0.15,0.6,https://www.iea.org/reports/electricity-2026/grids
2031,base,finance,credit_spread_stress_index,107.115,80,100,180,higher_is_constraint,0.45,0.65,https://www.imf.org/en/Publications/WEO
2031,base,finance,free_cash_flow_index,111.000,80,100,180,higher_is_capacity,0.35,0.6,https://www.imf.org/en/Publications/WEO
2031,base,finance,insurance_cost_stress_index,114.885,80,100,180,higher_is_constraint,0.2,0.5,https://www.imf.org/en/Publications/WEO
2031,upside,demand,ai_dc_demand_index,158.414,50,100,180,higher_is_capacity,0.45,0.7,https://www.iea.org/reports/energy-and-ai
2031,upside,demand,hyperscaler_capex_index,164.160,50,100,180,higher_is_capacity,0.35,0.65,https://www.iea.org/reports/energy-and-ai
2031,upside,demand,enterprise_ai_adoption_index,169.906,50,100,180,higher_is_capacity,0.2,0.55,https://www.iea.org/reports/energy-and-ai
2031,upside,capacity,grid_connection_index,113.021,50,100,180,higher_is_capacity,0.4,0.7,https://www.iea.org/reports/electricity-2026/grids
2031,upside,capacity,transformer_capacity_index,117.120,50,100,180,higher_is_capacity,0.25,0.65,https://www.iea.org/reports/electricity-2026/grids
2031,upside,capacity,gpu_hbm_supply_index,121.219,50,100,180,higher_is_capacity,0.2,0.65,https://www.iea.org/reports/electricity-2026/grids
2031,upside,capacity,construction_delivery_index,125.318,50,100,180,higher_is_capacity,0.15,0.6,https://www.iea.org/reports/electricity-2026/grids
2031,upside,finance,credit_spread_stress_index,98.546,80,100,180,higher_is_constraint,0.45,0.65,https://www.imf.org/en/Publications/WEO
2031,upside,finance,free_cash_flow_index,102.120,80,100,180,higher_is_capacity,0.35,0.6,https://www.imf.org/en/Publications/WEO
2031,upside,finance,insurance_cost_stress_index,105.694,80,100,180,higher_is_constraint,0.2,0.5,https://www.imf.org/en/Publications/WEO
2031,downside,demand,ai_dc_demand_index,132.012,50,100,180,higher_is_capacity,0.45,0.7,https://www.iea.org/reports/energy-and-ai
2031,downside,demand,hyperscaler_capex_index,136.800,50,100,180,higher_is_capacity,0.35,0.65,https://www.iea.org/reports/energy-and-ai
2031,downside,demand,enterprise_ai_adoption_index,141.588,50,100,180,higher_is_capacity,0.2,0.55,https://www.iea.org/reports/energy-and-ai
2031,downside,capacity,grid_connection_index,72.259,50,100,180,higher_is_capacity,0.4,0.7,https://www.iea.org/reports/electricity-2026/grids
2031,downside,capacity,transformer_capacity_index,74.880,50,100,180,higher_is_capacity,0.25,0.65,https://www.iea.org/reports/electricity-2026/grids
2031,downside,capacity,gpu_hbm_supply_index,77.501,50,100,180,higher_is_capacity,0.2,0.65,https://www.iea.org/reports/electricity-2026/grids
2031,downside,capacity,construction_delivery_index,80.122,50,100,180,higher_is_capacity,0.15,0.6,https://www.iea.org/reports/electricity-2026/grids
2031,downside,finance,credit_spread_stress_index,126.396,80,100,180,higher_is_constraint,0.45,0.65,https://www.imf.org/en/Publications/WEO
2031,downside,finance,free_cash_flow_index,130.980,80,100,180,higher_is_capacity,0.35,0.6,https://www.imf.org/en/Publications/WEO
2031,downside,finance,insurance_cost_stress_index,135.564,80,100,180,higher_is_constraint,0.2,0.5,https://www.imf.org/en/Publications/WEO
2031,current,demand,ai_dc_demand_index,176.016,50,100,180,higher_is_capacity,0.45,0.7,https://www.iea.org/reports/energy-and-ai
2031,current,demand,hyperscaler_capex_index,182.400,50,100,180,higher_is_capacity,0.35,0.65,https://www.iea.org/reports/energy-and-ai
2031,current,demand,enterprise_ai_adoption_index,188.784,50,100,180,higher_is_capacity,0.2,0.55,https://www.iea.org/reports/energy-and-ai
2031,current,capacity,grid_connection_index,97.272,50,100,180,higher_is_capacity,0.4,0.7,https://www.iea.org/reports/electricity-2026/grids
2031,current,capacity,transformer_capacity_index,100.800,50,100,180,higher_is_capacity,0.25,0.65,https://www.iea.org/reports/electricity-2026/grids
2031,current,capacity,gpu_hbm_supply_index,104.328,50,100,180,higher_is_capacity,0.2,0.65,https://www.iea.org/reports/electricity-2026/grids
2031,current,capacity,construction_delivery_index,107.856,50,100,180,higher_is_capacity,0.15,0.6,https://www.iea.org/reports/electricity-2026/grids
2031,current,finance,credit_spread_stress_index,111.400,80,100,180,higher_is_constraint,0.45,0.65,https://www.imf.org/en/Publications/WEO
2031,current,finance,free_cash_flow_index,115.440,80,100,180,higher_is_capacity,0.35,0.6,https://www.imf.org/en/Publications/WEO
2031,current,finance,insurance_cost_stress_index,119.480,80,100,180,higher_is_constraint,0.2,0.5,https://www.imf.org/en/Publications/WEO
2032,base,demand,ai_dc_demand_index,152.470,50,100,180,higher_is_capacity,0.45,0.7,https://www.iea.org/reports/energy-and-ai
2032,base,demand,hyperscaler_capex_index,158.000,50,100,180,higher_is_capacity,0.35,0.65,https://www.iea.org/reports/energy-and-ai
2032,base,demand,enterprise_ai_adoption_index,163.530,50,100,180,higher_is_capacity,0.2,0.55,https://www.iea.org/reports/energy-and-ai
2032,base,capacity,grid_connection_index,98.430,50,100,180,higher_is_capacity,0.4,0.7,https://www.iea.org/reports/electricity-2026/grids
2032,base,capacity,transformer_capacity_index,102.000,50,100,180,higher_is_capacity,0.25,0.65,https://www.iea.org/reports/electricity-2026/grids
2032,base,capacity,gpu_hbm_supply_index,105.570,50,100,180,higher_is_capacity,0.2,0.65,https://www.iea.org/reports/electricity-2026/grids
2032,base,capacity,construction_delivery_index,109.140,50,100,180,higher_is_capacity,0.15,0.6,https://www.iea.org/reports/electricity-2026/grids
2032,base,finance,credit_spread_stress_index,108.080,80,100,180,higher_is_constraint,0.45,0.65,https://www.imf.org/en/Publications/WEO
2032,base,finance,free_cash_flow_index,112.000,80,100,180,higher_is_capacity,0.35,0.6,https://www.imf.org/en/Publications/WEO
2032,base,finance,insurance_cost_stress_index,115.920,80,100,180,higher_is_constraint,0.2,0.5,https://www.imf.org/en/Publications/WEO
2032,upside,demand,ai_dc_demand_index,164.668,50,100,180,higher_is_capacity,0.45,0.7,https://www.iea.org/reports/energy-and-ai
2032,upside,demand,hyperscaler_capex_index,170.640,50,100,180,higher_is_capacity,0.35,0.65,https://www.iea.org/reports/energy-and-ai
2032,upside,demand,enterprise_ai_adoption_index,176.612,50,100,180,higher_is_capacity,0.2,0.55,https://www.iea.org/reports/energy-and-ai
2032,upside,capacity,grid_connection_index,120.085,50,100,180,higher_is_capacity,0.4,0.7,https://www.iea.org/reports/electricity-2026/grids
2032,upside,capacity,transformer_capacity_index,124.440,50,100,180,higher_is_capacity,0.25,0.65,https://www.iea.org/reports/electricity-2026/grids
2032,upside,capacity,gpu_hbm_supply_index,128.795,50,100,180,higher_is_capacity,0.2,0.65,https://www.iea.org/reports/electricity-2026/grids
2032,upside,capacity,construction_delivery_index,133.151,50,100,180,higher_is_capacity,0.15,0.6,https://www.iea.org/reports/electricity-2026/grids
2032,upside,finance,credit_spread_stress_index,99.434,80,100,180,higher_is_constraint,0.45,0.65,https://www.imf.org/en/Publications/WEO
2032,upside,finance,free_cash_flow_index,103.040,80,100,180,higher_is_capacity,0.35,0.6,https://www.imf.org/en/Publications/WEO
2032,upside,finance,insurance_cost_stress_index,106.646,80,100,180,higher_is_constraint,0.2,0.5,https://www.imf.org/en/Publications/WEO
2032,downside,demand,ai_dc_demand_index,137.223,50,100,180,higher_is_capacity,0.45,0.7,https://www.iea.org/reports/energy-and-ai
2032,downside,demand,hyperscaler_capex_index,142.200,50,100,180,higher_is_capacity,0.35,0.65,https://www.iea.org/reports/energy-and-ai
2032,downside,demand,enterprise_ai_adoption_index,147.177,50,100,180,higher_is_capacity,0.2,0.55,https://www.iea.org/reports/energy-and-ai
2032,downside,capacity,grid_connection_index,76.775,50,100,180,higher_is_capacity,0.4,0.7,https://www.iea.org/reports/electricity-2026/grids
2032,downside,capacity,transformer_capacity_index,79.560,50,100,180,higher_is_capacity,0.25,0.65,https://www.iea.org/reports/electricity-2026/grids
2032,downside,capacity,gpu_hbm_supply_index,82.345,50,100,180,higher_is_capacity,0.2,0.65,https://www.iea.org/reports/electricity-2026/grids
2032,downside,capacity,construction_delivery_index,85.129,50,100,180,higher_is_capacity,0.15,0.6,https://www.iea.org/reports/electricity-2026/grids
2032,downside,finance,credit_spread_stress_index,127.534,80,100,180,higher_is_constraint,0.45,0.65,https://www.imf.org/en/Publications/WEO
2032,downside,finance,free_cash_flow_index,132.160,80,100,180,higher_is_capacity,0.35,0.6,https://www.imf.org/en/Publications/WEO
2032,downside,finance,insurance_cost_stress_index,136.786,80,100,180,higher_is_constraint,0.2,0.5,https://www.imf.org/en/Publications/WEO
2032,current,demand,ai_dc_demand_index,182.964,50,100,180,higher_is_capacity,0.45,0.7,https://www.iea.org/reports/energy-and-ai
2032,current,demand,hyperscaler_capex_index,189.600,50,100,180,higher_is_capacity,0.35,0.65,https://www.iea.org/reports/energy-and-ai
2032,current,demand,enterprise_ai_adoption_index,196.236,50,100,180,higher_is_capacity,0.2,0.55,https://www.iea.org/reports/energy-and-ai
2032,current,capacity,grid_connection_index,103.352,50,100,180,higher_is_capacity,0.4,0.7,https://www.iea.org/reports/electricity-2026/grids
2032,current,capacity,transformer_capacity_index,107.100,50,100,180,higher_is_capacity,0.25,0.65,https://www.iea.org/reports/electricity-2026/grids
2032,current,capacity,gpu_hbm_supply_index,110.849,50,100,180,higher_is_capacity,0.2,0.65,https://www.iea.org/reports/electricity-2026/grids
2032,current,capacity,construction_delivery_index,114.597,50,100,180,higher_is_capacity,0.15,0.6,https://www.iea.org/reports/electricity-2026/grids
2032,current,finance,credit_spread_stress_index,112.403,80,100,180,higher_is_constraint,0.45,0.65,https://www.imf.org/en/Publications/WEO
2032,current,finance,free_cash_flow_index,116.480,80,100,180,higher_is_capacity,0.35,0.6,https://www.imf.org/en/Publications/WEO
2032,current,finance,insurance_cost_stress_index,120.557,80,100,180,higher_is_constraint,0.2,0.5,https://www.imf.org/en/Publications/WEO
2033,base,demand,ai_dc_demand_index,158.260,50,100,180,higher_is_capacity,0.45,0.7,https://www.iea.org/reports/energy-and-ai
2033,base,demand,hyperscaler_capex_index,164.000,50,100,180,higher_is_capacity,0.35,0.65,https://www.iea.org/reports/energy-and-ai
2033,base,demand,enterprise_ai_adoption_index,169.740,50,100,180,higher_is_capacity,0.2,0.55,https://www.iea.org/reports/energy-and-ai
2033,base,capacity,grid_connection_index,104.220,50,100,180,higher_is_capacity,0.4,0.7,https://www.iea.org/reports/electricity-2026/grids
2033,base,capacity,transformer_capacity_index,108.000,50,100,180,higher_is_capacity,0.25,0.65,https://www.iea.org/reports/electricity-2026/grids
2033,base,capacity,gpu_hbm_supply_index,111.780,50,100,180,higher_is_capacity,0.2,0.65,https://www.iea.org/reports/electricity-2026/grids
2033,base,capacity,construction_delivery_index,115.560,50,100,180,higher_is_capacity,0.15,0.6,https://www.iea.org/reports/electricity-2026/grids
2033,base,finance,credit_spread_stress_index,109.045,80,100,180,higher_is_constraint,0.45,0.65,https://www.imf.org/en/Publications/WEO
2033,base,finance,free_cash_flow_index,113.000,80,100,180,higher_is_capacity,0.35,0.6,https://www.imf.org/en/Publications/WEO
2033,base,finance,insurance_cost_stress_index,116.955,80,100,180,higher_is_constraint,0.2,0.5,https://www.imf.org/en/Publications/WEO
2033,upside,demand,ai_dc_demand_index,170.921,50,100,180,higher_is_capacity,0.45,0.7,https://www.iea.org/reports/energy-and-ai
2033,upside,demand,hyperscaler_capex_index,177.120,50,100,180,higher_is_capacity,0.35,0.65,https://www.iea.org/reports/energy-and-ai
2033,upside,demand,enterprise_ai_adoption_index,183.319,50,100,180,higher_is_capacity,0.2,0.55,https://www.iea.org/reports/energy-and-ai
2033,upside,capacity,grid_connection_index,127.148,50,100,180,higher_is_capacity,0.4,0.7,https://www.iea.org/reports/electricity-2026/grids
2033,upside,capacity,transformer_capacity_index,131.760,50,100,180,higher_is_capacity,0.25,0.65,https://www.iea.org/reports/electricity-2026/grids
2033,upside,capacity,gpu_hbm_supply_index,136.372,50,100,180,higher_is_capacity,0.2,0.65,https://www.iea.org/reports/electricity-2026/grids
2033,upside,capacity,construction_delivery_index,140.983,50,100,180,higher_is_capacity,0.15,0.6,https://www.iea.org/reports/electricity-2026/grids
2033,upside,finance,credit_spread_stress_index,100.321,80,100,180,higher_is_constraint,0.45,0.65,https://www.imf.org/en/Publications/WEO
2033,upside,finance,free_cash_flow_index,103.960,80,100,180,higher_is_capacity,0.35,0.6,https://www.imf.org/en/Publications/WEO
2033,upside,finance,insurance_cost_stress_index,107.599,80,100,180,higher_is_constraint,0.2,0.5,https://www.imf.org/en/Publications/WEO
2033,downside,demand,ai_dc_demand_index,142.434,50,100,180,higher_is_capacity,0.45,0.7,https://www.iea.org/reports/energy-and-ai
2033,downside,demand,hyperscaler_capex_index,147.600,50,100,180,higher_is_capacity,0.35,0.65,https://www.iea.org/reports/energy-and-ai
2033,downside,demand,enterprise_ai_adoption_index,152.766,50,100,180,higher_is_capacity,0.2,0.55,https://www.iea.org/reports/energy-and-ai
2033,downside,capacity,grid_connection_index,81.292,50,100,180,higher_is_capacity,0.4,0.7,https://www.iea.org/reports/electricity-2026/grids
2033,downside,capacity,transformer_capacity_index,84.240,50,100,180,higher_is_capacity,0.25,0.65,https://www.iea.org/reports/electricity-2026/grids
2033,downside,capacity,gpu_hbm_supply_index,87.188,50,100,180,higher_is_capacity,0.2,0.65,https://www.iea.org/reports/electricity-2026/grids
2033,downside,capacity,construction_delivery_index,90.137,50,100,180,higher_is_capacity,0.15,0.6,https://www.iea.org/reports/electricity-2026/grids
2033,downside,finance,credit_spread_stress_index,128.673,80,100,180,higher_is_constraint,0.45,0.65,https://www.imf.org/en/Publications/WEO
2033,downside,finance,free_cash_flow_index,133.340,80,100,180,higher_is_capacity,0.35,0.6,https://www.imf.org/en/Publications/WEO
2033,downside,finance,insurance_cost_stress_index,138.007,80,100,180,higher_is_constraint,0.2,0.5,https://www.imf.org/en/Publications/WEO
2033,current,demand,ai_dc_demand_index,189.912,50,100,180,higher_is_capacity,0.45,0.7,https://www.iea.org/reports/energy-and-ai
2033,current,demand,hyperscaler_capex_index,196.800,50,100,180,higher_is_capacity,0.35,0.65,https://www.iea.org/reports/energy-and-ai
2033,current,demand,enterprise_ai_adoption_index,203.688,50,100,180,higher_is_capacity,0.2,0.55,https://www.iea.org/reports/energy-and-ai
2033,current,capacity,grid_connection_index,109.431,50,100,180,higher_is_capacity,0.4,0.7,https://www.iea.org/reports/electricity-2026/grids
2033,current,capacity,transformer_capacity_index,113.400,50,100,180,higher_is_capacity,0.25,0.65,https://www.iea.org/reports/electricity-2026/grids
2033,current,capacity,gpu_hbm_supply_index,117.369,50,100,180,higher_is_capacity,0.2,0.65,https://www.iea.org/reports/electricity-2026/grids
2033,current,capacity,construction_delivery_index,121.338,50,100,180,higher_is_capacity,0.15,0.6,https://www.iea.org/reports/electricity-2026/grids
2033,current,finance,credit_spread_stress_index,113.407,80,100,180,higher_is_constraint,0.45,0.65,https://www.imf.org/en/Publications/WEO
2033,current,finance,free_cash_flow_index,117.520,80,100,180,higher_is_capacity,0.35,0.6,https://www.imf.org/en/Publications/WEO
2033,current,finance,insurance_cost_stress_index,121.633,80,100,180,higher_is_constraint,0.2,0.5,https://www.imf.org/en/Publications/WEO
2034,base,demand,ai_dc_demand_index,163.085,50,100,180,higher_is_capacity,0.45,0.7,https://www.iea.org/reports/energy-and-ai
2034,base,demand,hyperscaler_capex_index,169.000,50,100,180,higher_is_capacity,0.35,0.65,https://www.iea.org/reports/energy-and-ai
2034,base,demand,enterprise_ai_adoption_index,174.915,50,100,180,higher_is_capacity,0.2,0.55,https://www.iea.org/reports/energy-and-ai
2034,base,capacity,grid_connection_index,110.010,50,100,180,higher_is_capacity,0.4,0.7,https://www.iea.org/reports/electricity-2026/grids
2034,base,capacity,transformer_capacity_index,114.000,50,100,180,higher_is_capacity,0.25,0.65,https://www.iea.org/reports/electricity-2026/grids
2034,base,capacity,gpu_hbm_supply_index,117.990,50,100,180,higher_is_capacity,0.2,0.65,https://www.iea.org/reports/electricity-2026/grids
2034,base,capacity,construction_delivery_index,121.980,50,100,180,higher_is_capacity,0.15,0.6,https://www.iea.org/reports/electricity-2026/grids
2034,base,finance,credit_spread_stress_index,110.010,80,100,180,higher_is_constraint,0.45,0.65,https://www.imf.org/en/Publications/WEO
2034,base,finance,free_cash_flow_index,114.000,80,100,180,higher_is_capacity,0.35,0.6,https://www.imf.org/en/Publications/WEO
2034,base,finance,insurance_cost_stress_index,117.990,80,100,180,higher_is_constraint,0.2,0.5,https://www.imf.org/en/Publications/WEO
2034,upside,demand,ai_dc_demand_index,176.132,50,100,180,higher_is_capacity,0.45,0.7,https://www.iea.org/reports/energy-and-ai
2034,upside,demand,hyperscaler_capex_index,182.520,50,100,180,higher_is_capacity,0.35,0.65,https://www.iea.org/reports/energy-and-ai
2034,upside,demand,enterprise_ai_adoption_index,188.908,50,100,180,higher_is_capacity,0.2,0.55,https://www.iea.org/reports/energy-and-ai
2034,upside,capacity,grid_connection_index,134.212,50,100,180,higher_is_capacity,0.4,0.7,https://www.iea.org/reports/electricity-2026/grids
2034,upside,capacity,transformer_capacity_index,139.080,50,100,180,higher_is_capacity,0.25,0.65,https://www.iea.org/reports/electricity-2026/grids
2034,upside,capacity,gpu_hbm_supply_index,143.948,50,100,180,higher_is_capacity,0.2,0.65,https://www.iea.org/reports/electricity-2026/grids
2034,upside,capacity,construction_delivery_index,148.816,50,100,180,higher_is_capacity,0.15,0.6,https://www.iea.org/reports/electricity-2026/grids
2034,upside,finance,credit_spread_stress_index,101.209,80,100,180,higher_is_constraint,0.45,0.65,https://www.imf.org/en/Publications/WEO
2034,upside,finance,free_cash_flow_index,104.880,80,100,180,higher_is_capacity,0.35,0.6,https://www.imf.org/en/Publications/WEO
2034,upside,finance,insurance_cost_stress_index,108.551,80,100,180,higher_is_constraint,0.2,0.5,https://www.imf.org/en/Publications/WEO
2034,downside,demand,ai_dc_demand_index,146.776,50,100,180,higher_is_capacity,0.45,0.7,https://www.iea.org/reports/energy-and-ai
2034,downside,demand,hyperscaler_capex_index,152.100,50,100,180,higher_is_capacity,0.35,0.65,https://www.iea.org/reports/energy-and-ai
2034,downside,demand,enterprise_ai_adoption_index,157.423,50,100,180,higher_is_capacity,0.2,0.55,https://www.iea.org/reports/energy-and-ai
2034,downside,capacity,grid_connection_index,85.808,50,100,180,higher_is_capacity,0.4,0.7,https://www.iea.org/reports/electricity-2026/grids
2034,downside,capacity,transformer_capacity_index,88.920,50,100,180,higher_is_capacity,0.25,0.65,https://www.iea.org/reports/electricity-2026/grids
2034,downside,capacity,gpu_hbm_supply_index,92.032,50,100,180,higher_is_capacity,0.2,0.65,https://www.iea.org/reports/electricity-2026/grids
2034,downside,capacity,construction_delivery_index,95.144,50,100,180,higher_is_capacity,0.15,0.6,https://www.iea.org/reports/electricity-2026/grids
2034,downside,finance,credit_spread_stress_index,129.812,80,100,180,higher_is_constraint,0.45,0.65,https://www.imf.org/en/Publications/WEO
2034,downside,finance,free_cash_flow_index,134.520,80,100,180,higher_is_capacity,0.35,0.6,https://www.imf.org/en/Publications/WEO
2034,downside,finance,insurance_cost_stress_index,139.228,80,100,180,higher_is_constraint,0.2,0.5,https://www.imf.org/en/Publications/WEO
2034,current,demand,ai_dc_demand_index,195.702,50,100,180,higher_is_capacity,0.45,0.7,https://www.iea.org/reports/energy-and-ai
2034,current,demand,hyperscaler_capex_index,202.800,50,100,180,higher_is_capacity,0.35,0.65,https://www.iea.org/reports/energy-and-ai
2034,current,demand,enterprise_ai_adoption_index,209.898,50,100,180,higher_is_capacity,0.2,0.55,https://www.iea.org/reports/energy-and-ai
2034,current,capacity,grid_connection_index,115.510,50,100,180,higher_is_capacity,0.4,0.7,https://www.iea.org/reports/electricity-2026/grids
2034,current,capacity,transformer_capacity_index,119.700,50,100,180,higher_is_capacity,0.25,0.65,https://www.iea.org/reports/electricity-2026/grids
2034,current,capacity,gpu_hbm_supply_index,123.889,50,100,180,higher_is_capacity,0.2,0.65,https://www.iea.org/reports/electricity-2026/grids
2034,current,capacity,construction_delivery_index,128.079,50,100,180,higher_is_capacity,0.15,0.6,https://www.iea.org/reports/electricity-2026/grids
2034,current,finance,credit_spread_stress_index,114.410,80,100,180,higher_is_constraint,0.45,0.65,https://www.imf.org/en/Publications/WEO
2034,current,finance,free_cash_flow_index,118.560,80,100,180,higher_is_capacity,0.35,0.6,https://www.imf.org/en/Publications/WEO
2034,current,finance,insurance_cost_stress_index,122.710,80,100,180,higher_is_constraint,0.2,0.5,https://www.imf.org/en/Publications/WEO
2035,base,demand,ai_dc_demand_index,167.910,50,100,180,higher_is_capacity,0.45,0.7,https://www.iea.org/reports/energy-and-ai
2035,base,demand,hyperscaler_capex_index,174.000,50,100,180,higher_is_capacity,0.35,0.65,https://www.iea.org/reports/energy-and-ai
2035,base,demand,enterprise_ai_adoption_index,180.090,50,100,180,higher_is_capacity,0.2,0.55,https://www.iea.org/reports/energy-and-ai
2035,base,capacity,grid_connection_index,115.800,50,100,180,higher_is_capacity,0.4,0.7,https://www.iea.org/reports/electricity-2026/grids
2035,base,capacity,transformer_capacity_index,120.000,50,100,180,higher_is_capacity,0.25,0.65,https://www.iea.org/reports/electricity-2026/grids
2035,base,capacity,gpu_hbm_supply_index,124.200,50,100,180,higher_is_capacity,0.2,0.65,https://www.iea.org/reports/electricity-2026/grids
2035,base,capacity,construction_delivery_index,128.400,50,100,180,higher_is_capacity,0.15,0.6,https://www.iea.org/reports/electricity-2026/grids
2035,base,finance,credit_spread_stress_index,110.975,80,100,180,higher_is_constraint,0.45,0.65,https://www.imf.org/en/Publications/WEO
2035,base,finance,free_cash_flow_index,115.000,80,100,180,higher_is_capacity,0.35,0.6,https://www.imf.org/en/Publications/WEO
2035,base,finance,insurance_cost_stress_index,119.025,80,100,180,higher_is_constraint,0.2,0.5,https://www.imf.org/en/Publications/WEO
2035,upside,demand,ai_dc_demand_index,181.343,50,100,180,higher_is_capacity,0.45,0.7,https://www.iea.org/reports/energy-and-ai
2035,upside,demand,hyperscaler_capex_index,187.920,50,100,180,higher_is_capacity,0.35,0.65,https://www.iea.org/reports/energy-and-ai
2035,upside,demand,enterprise_ai_adoption_index,194.497,50,100,180,higher_is_capacity,0.2,0.55,https://www.iea.org/reports/energy-and-ai
2035,upside,capacity,grid_connection_index,141.276,50,100,180,higher_is_capacity,0.4,0.7,https://www.iea.org/reports/electricity-2026/grids
2035,upside,capacity,transformer_capacity_index,146.400,50,100,180,higher_is_capacity,0.25,0.65,https://www.iea.org/reports/electricity-2026/grids
2035,upside,capacity,gpu_hbm_supply_index,151.524,50,100,180,higher_is_capacity,0.2,0.65,https://www.iea.org/reports/electricity-2026/grids
2035,upside,capacity,construction_delivery_index,156.648,50,100,180,higher_is_capacity,0.15,0.6,https://www.iea.org/reports/electricity-2026/grids
2035,upside,finance,credit_spread_stress_index,102.097,80,100,180,higher_is_constraint,0.45,0.65,https://www.imf.org/en/Publications/WEO
2035,upside,finance,free_cash_flow_index,105.800,80,100,180,higher_is_capacity,0.35,0.6,https://www.imf.org/en/Publications/WEO
2035,upside,finance,insurance_cost_stress_index,109.503,80,100,180,higher_is_constraint,0.2,0.5,https://www.imf.org/en/Publications/WEO
2035,downside,demand,ai_dc_demand_index,151.119,50,100,180,higher_is_capacity,0.45,0.7,https://www.iea.org/reports/energy-and-ai
2035,downside,demand,hyperscaler_capex_index,156.600,50,100,180,higher_is_capacity,0.35,0.65,https://www.iea.org/reports/energy-and-ai
2035,downside,demand,enterprise_ai_adoption_index,162.081,50,100,180,higher_is_capacity,0.2,0.55,https://www.iea.org/reports/energy-and-ai
2035,downside,capacity,grid_connection_index,90.324,50,100,180,higher_is_capacity,0.4,0.7,https://www.iea.org/reports/electricity-2026/grids
2035,downside,capacity,transformer_capacity_index,93.600,50,100,180,higher_is_capacity,0.25,0.65,https://www.iea.org/reports/electricity-2026/grids
2035,downside,capacity,gpu_hbm_supply_index,96.876,50,100,180,higher_is_capacity,0.2,0.65,https://www.iea.org/reports/electricity-2026/grids
2035,downside,capacity,construction_delivery_index,100.152,50,100,180,higher_is_capacity,0.15,0.6,https://www.iea.org/reports/electricity-2026/grids
2035,downside,finance,credit_spread_stress_index,130.950,80,100,180,higher_is_constraint,0.45,0.65,https://www.imf.org/en/Publications/WEO
2035,downside,finance,free_cash_flow_index,135.700,80,100,180,higher_is_capacity,0.35,0.6,https://www.imf.org/en/Publications/WEO
2035,downside,finance,insurance_cost_stress_index,140.449,80,100,180,higher_is_constraint,0.2,0.5,https://www.imf.org/en/Publications/WEO
2035,current,demand,ai_dc_demand_index,201.492,50,100,180,higher_is_capacity,0.45,0.7,https://www.iea.org/reports/energy-and-ai
2035,current,demand,hyperscaler_capex_index,208.800,50,100,180,higher_is_capacity,0.35,0.65,https://www.iea.org/reports/energy-and-ai
2035,current,demand,enterprise_ai_adoption_index,216.108,50,100,180,higher_is_capacity,0.2,0.55,https://www.iea.org/reports/energy-and-ai
2035,current,capacity,grid_connection_index,121.590,50,100,180,higher_is_capacity,0.4,0.7,https://www.iea.org/reports/electricity-2026/grids
2035,current,capacity,transformer_capacity_index,126.000,50,100,180,higher_is_capacity,0.25,0.65,https://www.iea.org/reports/electricity-2026/grids
2035,current,capacity,gpu_hbm_supply_index,130.410,50,100,180,higher_is_capacity,0.2,0.65,https://www.iea.org/reports/electricity-2026/grids
2035,current,capacity,construction_delivery_index,134.820,50,100,180,higher_is_capacity,0.15,0.6,https://www.iea.org/reports/electricity-2026/grids
2035,current,finance,credit_spread_stress_index,115.414,80,100,180,higher_is_constraint,0.45,0.65,https://www.imf.org/en/Publications/WEO
2035,current,finance,free_cash_flow_index,119.600,80,100,180,higher_is_capacity,0.35,0.6,https://www.imf.org/en/Publications/WEO
2035,current,finance,insurance_cost_stress_index,123.786,80,100,180,higher_is_constraint,0.2,0.5,https://www.imf.org/en/Publications/WEO
